{"cameraMode":{"drawMode":0,"name":"Shaded","section":"Shading Mode"},"sceneLighting":true,"audioPlay":false,"sceneViewState":{"showFog":true,"showMaterialUpdate":false,"showSkybox":true,"showFlares":true,"showImageEffects":true,"showParticleSystems":true},"in2DMode":false,"pivot":{"x":65.15190124511719,"y":139.40713500976563,"z":-23.917339324951173},"rotation":{"x":-0.1464073807001114,"y":0.4678995907306671,"z":0.07892701774835587,"w":0.8680038452148438},"size":178.70663452148438,"orthographic":false}